name;sku;price;purchase_price;stock;unit;description;supplier
Стол обеденный;ST-001;12500,00;8000,00;5;шт;Стол из массива дуба 160×90 см;ООО МебельПро
Стул барный;ST-002;4500,00;2800,00;12;шт;Барный стул с мягким сиденьем;
Диван угловой;DV-001;65000,00;42000,00;2;шт;Угловой диван с ящиком для белья;ООО МебельПро
Кресло офисное;KR-001;8900,00;5600,00;8;шт;Эргономичное кресло с подлокотниками;ИП Иванов
Шкаф для одежды;SH-001;18000,00;11000,00;3;шт;;
Комод;KM-001;7200,00;4500,00;6;шт;Комод на 4 ящика;
Лампа настольная;SV-001;1490,50;900,00;20;шт;LED-лампа с регулировкой яркости;ООО СветДом
Кровать двуспальная;KR-002;23000,00;14500,00;4;шт;Кровать 160×200 с подъёмным механизмом;ООО МебельПро
Ковёр шерстяной;KV-001;9900,00;6000,00;7;м2;Ковёр 2×3 м;
